{
  "params_total": 195170,
  "params_trainable": 195170,
  "flops_est": 19607808,
  "latency_s": 0.0013313579559326172,
  "L": 121,
  "d": 128,
  "n_heads": 4,
  "n_layers": 1,
  "run_tag": "nb2_h4_optimized_ligero",
  "fold": 3,
  "val_best_acc": 0.8253968253968254,
  "val_best_f1": 0.8253686661492405,
  "tr_at_best_acc": 0.8635394456289979,
  "tr_at_best_f1": 0.8632475863409577
}