acc,f1m,ba
0.388889,0.324242,0.412500
0.333333,0.232143,0.337500
