{
  "params_total": 460130,
  "params_trainable": 460130,
  "flops_est": 58823424,
  "latency_s": 0.002848072052001953,
  "L": 121,
  "d": 128,
  "n_heads": 4,
  "n_layers": 3,
  "run_tag": "nb2_h4_optimized_medio",
  "fold": 3,
  "val_best_acc": 0.8222222222222222,
  "val_best_f1": 0.822076978939724,
  "tr_at_best_acc": 0.8823738450604123,
  "tr_at_best_f1": 0.8823695519761989
}