{
  "params_total": 232290,
  "params_trainable": 232290,
  "flops_est": 24289056,
  "latency_s": 0.001082925796508789,
  "L": 121,
  "d": 144,
  "n_heads": 4,
  "n_layers": 1,
  "run_tag": "nb2_h2",
  "fold": 5,
  "val_best_acc": 0.7682539682539683,
  "val_best_f1": 0.7682446256336863,
  "tr_at_best_acc": 0.8634453781512605,
  "tr_at_best_f1": 0.8631258101191346,
  "train_time_s": 13.972915410995483,
  "train_mem_mb": 2019.34130859375,
  "test_time_s": 7.839656591415405,
  "test_mem_mb": 71.322265625
}