{
  "params_total": 232290,
  "params_trainable": 232290,
  "flops_est": 24289056,
  "latency_s": 0.0010922670364379883,
  "L": 121,
  "d": 144,
  "n_heads": 4,
  "n_layers": 1,
  "run_tag": "nb2_h2",
  "fold": 4,
  "val_best_acc": 0.773015873015873,
  "val_best_f1": 0.7729191820150177,
  "tr_at_best_acc": 0.8676470588235294,
  "tr_at_best_f1": 0.8674051063566373,
  "train_time_s": 13.404853105545044,
  "train_mem_mb": 2019.34130859375,
  "test_time_s": 7.919764280319214,
  "test_mem_mb": 71.322265625
}