{
  "fold": 4,
  "run_tag": "nb2_h4",
  "val_sil_tsne": 0.2814609110355377,
  "val_db_tsne": 1.1160660516198526,
  "test_sil_tsne": 0.3602026402950287,
  "test_db_tsne": 0.9348403767507725,
  "n_val_samples": 630,
  "n_test_samples": 840
}