{
  "params_total": 232290,
  "params_trainable": 232290,
  "flops_est": 24289056,
  "latency_s": 0.0011151742935180664,
  "L": 121,
  "d": 144,
  "n_heads": 4,
  "n_layers": 1,
  "run_tag": "nb2_h6",
  "fold": 5,
  "val_best_acc": 0.7777777777777778,
  "val_best_f1": 0.777741938735397,
  "tr_at_best_acc": 0.8925070028011205,
  "tr_at_best_f1": 0.8923929015485474,
  "train_time_s": 19.05420160293579,
  "train_mem_mb": 3286.9140625,
  "test_time_s": 8.064467430114746,
  "test_mem_mb": 159.29345703125
}