{
  "params_total": 195170,
  "params_trainable": 195170,
  "flops_est": 19607808,
  "latency_s": 0.0010983467102050782,
  "L": 121,
  "d": 128,
  "n_heads": 4,
  "n_layers": 1,
  "run_tag": "nb2_h4",
  "fold": 2,
  "val_best_acc": 0.7873015873015873,
  "val_best_f1": 0.7872994436829799,
  "tr_at_best_acc": 0.8585643212508884,
  "tr_at_best_f1": 0.8578888866331005,
  "train_time_s": 14.18702483177185,
  "train_mem_mb": 3219.01123046875,
  "test_time_s": 8.393151044845581,
  "test_mem_mb": 97.73095703125
}