{
  "fold": 2,
  "run_tag": "nb2_h4",
  "val_sil_tsne": 0.27485227584838867,
  "val_db_tsne": 1.1460158359777866,
  "test_sil_tsne": 0.35352492332458496,
  "test_db_tsne": 0.9629124330133173,
  "n_val_samples": 630,
  "n_test_samples": 882
}