{
  "params_total": 205890,
  "params_trainable": 205890,
  "flops_est": 146424096,
  "latency_s": 0.0008930444717407226,
  "L": 481,
  "d": 144,
  "n_heads": 4,
  "n_layers": 1,
  "run_tag": "nb0_h4",
  "fold": 3,
  "val_best_acc": 0.8301587301587302,
  "val_best_f1": 0.8300349712942909,
  "tr_at_best_acc": 0.8859275053304904,
  "tr_at_best_f1": 0.8858929068826626,
  "train_time_s": 13.887916803359985,
  "train_mem_mb": 1112.55908203125,
  "test_time_s": 7.002197742462158,
  "test_mem_mb": 76.47314453125
}