{
  "params_total": 195170,
  "params_trainable": 195170,
  "flops_est": 19607808,
  "latency_s": 0.0012834835052490234,
  "L": 121,
  "d": 128,
  "n_heads": 4,
  "n_layers": 1,
  "run_tag": "nb2_h4_optimized_ligero",
  "fold": 5,
  "val_best_acc": 0.7746031746031746,
  "val_best_f1": 0.7745940879450923,
  "tr_at_best_acc": 0.8700980392156863,
  "tr_at_best_f1": 0.8699828738190549
}