{
  "params_total": 232290,
  "params_trainable": 232290,
  "flops_est": 24289056,
  "latency_s": 0.0010915660858154296,
  "L": 121,
  "d": 144,
  "n_heads": 4,
  "n_layers": 1,
  "run_tag": "nb2_h6",
  "fold": 2,
  "val_best_acc": 0.8,
  "val_best_f1": 0.7999677448618573,
  "tr_at_best_acc": 0.8539445628997868,
  "tr_at_best_f1": 0.8536916373589215,
  "train_time_s": 8.592552661895752,
  "train_mem_mb": 3092.31982421875,
  "test_time_s": 8.291467189788818,
  "test_mem_mb": 72.1943359375
}