{
  "params_total": 205890,
  "params_trainable": 205890,
  "flops_est": 146424096,
  "latency_s": 0.0008883190155029297,
  "L": 481,
  "d": 144,
  "n_heads": 4,
  "n_layers": 1,
  "run_tag": "nb0_h2",
  "fold": 4,
  "val_best_acc": 0.7904761904761904,
  "val_best_f1": 0.7900614971372022,
  "tr_at_best_acc": 0.832983193277311,
  "tr_at_best_f1": 0.8315982572804403,
  "train_time_s": 10.075989484786987,
  "train_mem_mb": 659.3837890625,
  "test_time_s": 6.673655986785889,
  "test_mem_mb": 74.0556640625
}