{
  "params_total": 232290,
  "params_trainable": 232290,
  "flops_est": 24289056,
  "latency_s": 0.0011192131042480468,
  "L": 121,
  "d": 144,
  "n_heads": 4,
  "n_layers": 1,
  "run_tag": "nb2_h6",
  "fold": 2,
  "val_best_acc": 0.8,
  "val_best_f1": 0.7999677448618573,
  "tr_at_best_acc": 0.8539445628997868,
  "tr_at_best_f1": 0.8536916373589215,
  "train_time_s": 12.283753395080566,
  "train_mem_mb": 3234.94384765625,
  "test_time_s": 8.523244857788086,
  "test_mem_mb": 112.5908203125
}