{
  "fold": 3,
  "run_tag": "nb2_h4",
  "val_sil_tsne": 0.3087295889854431,
  "val_db_tsne": 1.0896269834341645,
  "test_sil_tsne": 0.3027561604976654,
  "test_db_tsne": 1.0905367486564799,
  "n_val_samples": 630,
  "n_test_samples": 882
}