{
  "params_total": 232290,
  "params_trainable": 232290,
  "flops_est": 24289056,
  "latency_s": 0.001128687858581543,
  "L": 121,
  "d": 144,
  "n_heads": 4,
  "n_layers": 1,
  "run_tag": "nb2_h6",
  "fold": 4,
  "val_best_acc": 0.7761904761904762,
  "val_best_f1": 0.774937862783798,
  "tr_at_best_acc": 0.8158263305322129,
  "tr_at_best_f1": 0.8145384027736969,
  "train_time_s": 11.209748268127441,
  "train_mem_mb": 3286.9140625,
  "test_time_s": 8.141941785812378,
  "test_mem_mb": 159.29345703125
}