{
  "params_total": 232290,
  "params_trainable": 232290,
  "flops_est": 24289056,
  "latency_s": 0.0011221647262573242,
  "L": 121,
  "d": 144,
  "n_heads": 4,
  "n_layers": 1,
  "run_tag": "nb2_h6",
  "fold": 4,
  "val_best_acc": 0.7761904761904762,
  "val_best_f1": 0.774937862783798,
  "tr_at_best_acc": 0.8158263305322129,
  "tr_at_best_f1": 0.8145384027736969,
  "train_time_s": 11.234732151031494,
  "train_mem_mb": 3232.07470703125,
  "test_time_s": 8.039070129394531,
  "test_mem_mb": 104.0029296875
}