{
  "params_total": 232290,
  "params_trainable": 232290,
  "flops_est": 24289056,
  "latency_s": 0.0011379814147949219,
  "L": 121,
  "d": 144,
  "n_heads": 4,
  "n_layers": 1,
  "run_tag": "nb2_h6",
  "fold": 3,
  "val_best_acc": 0.8111111111111111,
  "val_best_f1": 0.8110306479705393,
  "tr_at_best_acc": 0.9012082444918266,
  "tr_at_best_f1": 0.9012042021289494,
  "train_time_s": 19.450600624084473,
  "train_mem_mb": 3289.78515625,
  "test_time_s": 8.475244045257568,
  "test_mem_mb": 168.27587890625
}