{
  "params_total": 460130,
  "params_trainable": 460130,
  "flops_est": 58823424,
  "latency_s": 0.002668929100036621,
  "L": 121,
  "d": 128,
  "n_heads": 4,
  "n_layers": 3,
  "run_tag": "nb2_h4_optimized_medio",
  "fold": 1,
  "val_best_acc": 0.7936507936507936,
  "val_best_f1": 0.7936424748793098,
  "tr_at_best_acc": 0.9157782515991472,
  "tr_at_best_f1": 0.9157773900788215
}