subject,acc_mean,f1_macro_mean,k,n_classes,crop,motor_only,zscore_epoch,n_csp,fb_bands
S001,0.523611111111111,0.49678571428571433,10,4,"(0.5, 4.5)",True,True,4,11
S002,0.6305555555555555,0.588452380952381,10,4,"(0.5, 4.5)",True,True,4,11
S003,0.5472222222222223,0.505952380952381,10,4,"(0.5, 4.5)",True,True,4,11
S004,0.44642857142857145,0.3992857142857143,10,4,"(0.5, 4.5)",True,True,4,11
