{
  "params_total": 195170,
  "params_trainable": 195170,
  "flops_est": 19607808,
  "latency_s": 0.001302499771118164,
  "L": 121,
  "d": 128,
  "n_heads": 4,
  "n_layers": 1,
  "run_tag": "nb2_h4_optimized_ligero",
  "fold": 4,
  "val_best_acc": 0.792063492063492,
  "val_best_f1": 0.7918321945018274,
  "tr_at_best_acc": 0.8665966386554622,
  "tr_at_best_f1": 0.8662706905800828
}