{
  "params_total": 195170,
  "params_trainable": 195170,
  "flops_est": 19607808,
  "latency_s": 0.0010991716384887696,
  "L": 121,
  "d": 128,
  "n_heads": 4,
  "n_layers": 1,
  "run_tag": "nb2_h4",
  "fold": 5,
  "val_best_acc": 0.7746031746031746,
  "val_best_f1": 0.7745940879450923,
  "tr_at_best_acc": 0.8700980392156863,
  "tr_at_best_f1": 0.8699828738190549,
  "train_time_s": 17.949977159500122,
  "train_mem_mb": 3217.09814453125,
  "test_time_s": 8.002585411071777,
  "test_mem_mb": 91.990234375
}