{
  "fold": 5,
  "run_tag": "nb2_h4",
  "val_sil_tsne": 0.2634265124797821,
  "val_db_tsne": 1.2184048230451852,
  "test_sil_tsne": 0.35952553153038025,
  "test_db_tsne": 0.9294125078142136,
  "n_val_samples": 630,
  "n_test_samples": 840
}