{
  "params_total": 205890,
  "params_trainable": 205890,
  "flops_est": 146424096,
  "latency_s": 0.0008826875686645508,
  "L": 481,
  "d": 144,
  "n_heads": 4,
  "n_layers": 1,
  "run_tag": "nb0_h2",
  "fold": 5,
  "val_best_acc": 0.7682539682539683,
  "val_best_f1": 0.7681394692264257,
  "tr_at_best_acc": 0.853641456582633,
  "tr_at_best_f1": 0.8533560336377237,
  "train_time_s": 12.239293098449707,
  "train_mem_mb": 659.3837890625,
  "test_time_s": 6.623438835144043,
  "test_mem_mb": 74.0556640625
}