{
  "params_total": 195170,
  "params_trainable": 195170,
  "flops_est": 19607808,
  "latency_s": 0.0013137340545654296,
  "L": 121,
  "d": 128,
  "n_heads": 4,
  "n_layers": 1,
  "run_tag": "nb2_h4_optimized_ligero",
  "fold": 1,
  "val_best_acc": 0.7936507936507936,
  "val_best_f1": 0.7936175145400115,
  "tr_at_best_acc": 0.8990760483297797,
  "tr_at_best_f1": 0.8990747737954278
}