{
  "params_total": 205890,
  "params_trainable": 205890,
  "flops_est": 146424096,
  "latency_s": 0.0008919239044189453,
  "L": 481,
  "d": 144,
  "n_heads": 4,
  "n_layers": 1,
  "run_tag": "nb0_h6",
  "fold": 1,
  "val_best_acc": 0.7904761904761904,
  "val_best_f1": 0.790264817150063,
  "tr_at_best_acc": 0.8695806680881307,
  "tr_at_best_f1": 0.8695719548723192,
  "train_time_s": 11.753221035003662,
  "train_mem_mb": 1566.31689453125,
  "test_time_s": 6.963505744934082,
  "test_mem_mb": 78.24560546875
}