{
  "params_total": 205890,
  "params_trainable": 205890,
  "flops_est": 146424096,
  "latency_s": 0.0008995771408081054,
  "L": 481,
  "d": 144,
  "n_heads": 4,
  "n_layers": 1,
  "run_tag": "nb0_h4",
  "fold": 2,
  "val_best_acc": 0.8063492063492064,
  "val_best_f1": 0.8061909949164852,
  "tr_at_best_acc": 0.8617626154939588,
  "tr_at_best_f1": 0.8616695228405664,
  "train_time_s": 13.37761640548706,
  "train_mem_mb": 1112.55908203125,
  "test_time_s": 7.2000510692596436,
  "test_mem_mb": 76.47314453125
}