{
  "params_total": 232290,
  "params_trainable": 232290,
  "flops_est": 24289056,
  "latency_s": 0.0010939693450927733,
  "L": 121,
  "d": 144,
  "n_heads": 4,
  "n_layers": 1,
  "run_tag": "nb2_h2",
  "fold": 1,
  "val_best_acc": 0.7619047619047619,
  "val_best_f1": 0.7618663629307825,
  "tr_at_best_acc": 0.8521677327647477,
  "tr_at_best_f1": 0.8521551114434094,
  "train_time_s": 8.167488098144531,
  "train_mem_mb": 3092.31982421875,
  "test_time_s": 8.214719295501709,
  "test_mem_mb": 71.96728515625
}