{
  "params_total": 460130,
  "params_trainable": 460130,
  "flops_est": 58823424,
  "latency_s": 0.002871246337890625,
  "L": 121,
  "d": 128,
  "n_heads": 4,
  "n_layers": 3,
  "run_tag": "nb2_h4_optimized_medio",
  "fold": 4,
  "val_best_acc": 0.8158730158730159,
  "val_best_f1": 0.815856313497823,
  "tr_at_best_acc": 0.8567927170868347,
  "tr_at_best_f1": 0.8565089802271502
}