,mean,std
sfreq,160.0,0.0
n_epochs,84.4368932038835,6.700409561542069
n_channels,8.0,0.0
eog_p2p_uv,,
emg_ratio_20_40,0.3005962648877082,0.11584653017517361
erd_mu_pct,15.358051521847738,27.913606622182197
erd_beta_pct,2.438045744263265,9.282978540024029
