,mean,std
sfreq,160.0,0.0
n_epochs,74.59223300970874,18.80781903170827
n_channels,64.0,0.0
eog_p2p_uv,146.9799083953122,81.24711029956177
emg_ratio_20_40,0.2863781097733402,0.10880333591034964
erd_mu_pct,14.546800368162325,40.263268034524536
erd_beta_pct,1.3575915121727629,7.208427686030833
