,mean,std
sfreq,160.0,0.0
n_epochs,74.71844660194175,18.512008543331955
n_channels,64.0,0.0
eog_p2p_uv,144.81886583135986,82.51240899538683
emg_ratio_20_40,0.287050700465688,0.10939757258331952
erd_mu_pct,15.457888573246837,41.64595018967604
erd_beta_pct,1.0313252497436352,7.473197194926438
