,mean,std
sfreq,160.0,0.0
n_epochs,84.93203883495146,5.198533231901374
n_channels,8.0,0.0
eog_p2p_uv,,
emg_ratio_20_40,0.30073535765622356,0.11629611856511081
erd_mu_pct,15.345582254807967,27.95595915796619
erd_beta_pct,2.405210575175718,9.294576600477424
