,mean,std
sfreq,160.0,0.0
n_epochs,84.92233009708738,5.201224064806341
n_channels,8.0,0.0
eog_p2p_uv,,
emg_ratio_20_40,0.30618212619544277,0.11855422993263875
erd_mu_pct,14.230557844134426,25.980381618799182
erd_beta_pct,2.3616422726062907,9.355479532594346
