{
  "params_total": 205890,
  "params_trainable": 205890,
  "flops_est": 146424096,
  "latency_s": 0.0008984565734863281,
  "L": 481,
  "d": 144,
  "n_heads": 4,
  "n_layers": 1,
  "run_tag": "nb0_h6",
  "fold": 3,
  "val_best_acc": 0.8126984126984127,
  "val_best_f1": 0.8125775254384284,
  "tr_at_best_acc": 0.8699360341151386,
  "tr_at_best_f1": 0.8696224798570855,
  "train_time_s": 10.589970827102661,
  "train_mem_mb": 1566.31689453125,
  "test_time_s": 7.070722341537476,
  "test_mem_mb": 78.24560546875
}