{
  "params_total": 460130,
  "params_trainable": 460130,
  "flops_est": 58823424,
  "latency_s": 0.002806854248046875,
  "L": 121,
  "d": 128,
  "n_heads": 4,
  "n_layers": 3,
  "run_tag": "nb2_h4_optimized_medio",
  "fold": 2,
  "val_best_acc": 0.7968253968253968,
  "val_best_f1": 0.7967926297009343,
  "tr_at_best_acc": 0.8621179815209666,
  "tr_at_best_f1": 0.8620420912178555
}